Photolink,Placetitle,Placelocation,Opentime ,Maplink
https://iili.io/HK6ik1p.jpg,MK Gold,Siam Paragon G Floor,10:00-20:00,https://goo.gl/maps/Wy3QbCbAAW1eztLL7
https://iili.io/HK6Dfm7.jpg,Nippon kai,Siam Paragon G floor,8:30-23:00,https://goo.gl/maps/FSVCuuGw7VvThvjo8
https://iili.io/HK6LPf4.jpg,เนื้อคู่,Siam Paragon 4th floor,11:00-20:00,https://goo.gl/maps/72NCDsSPAUjbiRd17
https://iili.io/HK6tPqJ.png,Sushi Seki,Siam Paragon 5th floor,11:00-22:00,https://g.page/McParagon?share
https://iili.io/HK6Dv4f.jpg,Gourmet Eat,Siam Paragon G floor,10:00-22:00,https://goo.gl/maps/mvZ9Xwije962CR4JA
https://iili.io/HK6DeBs.png,บ้านไอซ์,Siam Paragon 4th floor,11:00-22:00,https://goo.gl/maps/UofkvkyjbymQDKYr6
https://iili.io/HK6DkEG.jpg,Saboten,Siam Paragon 4th floor,11:00-20:00,https://goo.gl/maps/RS2hJq9TXjMJ773HA
https://iili.io/HK6pjTB.jpg,Evaime,Siam Paragon 4th floor,10:00-22:00,https://goo.gl/maps/h5kYMB2wy8uQ1B7x8
https://iili.io/HKP2HBI.png,CoCoICHIBANYA,Siam Paragon G floor,10:30-22:00,https://goo.gl/maps/yj9iMZQr71g1casG7
https://iili.io/HKPdpXp.jpg,amici,Siam Paragon G Floor,11:00-22:00,https://goo.gl/maps/tP8AN6oWt1oNyyVJ8
https://iili.io/HKP3biN.png,ทองสมิทธ์,Siam Paragon G Floor,10:00-22:00,https://goo.gl/maps/aK5kyLpHKEnhkcu39
https://iili.io/HKPdyLN.png,See Fah,Siam Paragon 4th floor,10:00-21:00,https://goo.gl/maps/qSeL6hZj2BfqVgJJA
https://iili.io/HKPKVa9.jpg,Piri Piri Flaming Grill Bangkok,Siam Paragon G Floor,10:00-20:00,https://goo.gl/maps/dKLngiYQJeDrD6KA6
https://iili.io/HKPB1GR.jpg,ลูกไก่ทอง,Siam Paragon 4th floor,10:00-22:00,https://goo.gl/maps/EEmUYSt4qvonEUF76
https://iili.io/HKPBChb.png,Gindaco,Siam Paragon G floor,10:00-21:00,https://goo.gl/maps/Qr2t2jEQ334StH5b9
https://iili.io/HKPq2Og.png,Another Hound Cafe,Siam Paragon G floor,11:00-22:00,https://goo.gl/maps/TYYfbXx2tTrcPsxK6
https://iili.io/HKPq3ba.jpg,Aoi,Siam Paragon G floor,11:30-15:00 17:30-22:00,https://goo.gl/maps/1EP8T77ucrdhsRr98
https://iili.io/HKPqd5F.jpg,แสนแซ่บ,Siam Paragon 4th floor,11:00-21:00,https://goo.gl/maps/bKLnAyEh4GftNyrh8
https://iili.io/HKPBjun.jpg,KFC,Siam Paragon G floor,10:00-20:00,https://goo.gl/maps/PewmMRm9trim9k61A
https://iili.io/HKPBbcB.jpg,Nara,Siam Paragon G Floor,11:00-22:00,https://goo.gl/maps/tF4jDM8BkFKLJDVv7
https://iili.io/HKPChlV.png,รสนิยม,Siam Paragon G Floor,10:00-20:00,https://g.page/rosniyom_bkk?share
https://iili.io/HKPnfWb.jpg,Maisen,Siam Paragon G floor,10:00-20:00,https://goo.gl/maps/5f2nKEKigc4tetZBA
https://iili.io/HK6ivrN.png,Coffee Beans by Dao,Siam Paragon G floor,10:00-22:00,https://goo.gl/maps/Ha7rAjNcNNiHV3KdA
https://iili.io/HK6Uz0X.jpg,Tasty Congee & Noodle Wanton Shop,Siam Paragon G floor,11:00–22:00,https://goo.gl/maps/TMdnBq2fGGdaExNS8
https://iili.io/HK6UnsI.jpg,Taco Bell,Siam Paragon G floor,10:00-21:30,https://goo.gl/maps/PAjcRFEVRQhDWEXs8
https://iili.io/HK6UJ0F.jpg,Jumbo Seafood,Siam Paragon G floor,11:00-22:00,https://goo.gl/maps/zHimGk4jX2keAW7z8
https://iili.io/HK6UIgn.jpg,Tonchin Ramen,Siam Paragon G floor,10:30-22:00,https://goo.gl/maps/6uCBZ5GMcn5yJa838
https://iili.io/HK6UHf1.jpg,Honmono Grand Omakase,Siam Paragon G floor,11:00-22:00,https://goo.gl/maps/cmKVtjYSG8V8jnxN6
https://iili.io/HK6UF5J.jpg,Mozza by Cocotte,Siam Paragon G Floor,10:00-21:45,https://g.page/mozzasiamparagon?share
https://iili.io/HK6UCWN.jpg,Suki Masa,Siam Paragon G floor,10:00-22:00,https://g.page/LaemCharoenSeafood-Paragon?share
https://iili.io/HK6SXVI.jpg,Scala Shark Fin,Siam Paragon G floor,10:00-22:00,https://goo.gl/maps/tg4tZXUZEo5UBQ2N7
https://iili.io/HK6SrVS.jpg,Fuji,Siam Paragon G floor,10:00-22:00,https://g.page/thebibimbabsiamparagon?share
https://iili.io/HK6SPf9.jpg,Veganerie Soul,Siam Paragon G Floor,10:00-22:00,https://goo.gl/maps/tndjAaXfaxsu1exAA
https://iili.io/HK6SNln.jpg,The Grill Tokyo,Siam Paragon G floor,11:30-22:00,https://goo.gl/maps/WtQeUwN48U5Uy7kh8
https://iili.io/HK6Sgx2.jpg,McDonald's,Siam Paragon G floor,10:00-22:00,https://goo.gl/maps/8fkfVejbVcf8CmVt5
https://iili.io/HK68pFn.jpg,แหลมเจริญซีฟู้ด,Siam Paragon 4th floor,11:00-21:00,https://goo.gl/maps/kLEpPxdUtH4UvXwa6
https://iili.io/HK68DGt.jpg,Midtown Thai,Siam Paragon 4th floor,10:00-22:00,https://goo.gl/maps/GF1ge6iSUmwpZkoN6
https://iili.io/HKPnlgp.jpg,Four Seasons Restaurant,Siam Paragon G floor,10:00-19:00,https://goo.gl/maps/xp1J8SCYDxvWe9929
https://iili.io/HK6SwKX.jpg,ตะลิงปลิง,Siam Paragon G Floor,11:00-22:00,https://goo.gl/maps/VdpUCsQ9x9KbpUV48
https://iili.io/HKPnyQa.png,Chilli Thai Restaurant,Siam Paragon G Floor,11:00-22:00,https://goo.gl/maps/rrDKF8XEq4KTB9fH7
https://iili.io/HKPoRvS.jpg,Bankara Ramen,Siam Paragon G floor,10:00-22:00,https://goo.gl/maps/dB9RJ5Hvt9fW26Ws6
https://iili.io/HKPoE6x.jpg,The Bibimbab,Siam Paragon G floor,10:00-21:00,https://goo.gl/maps/8dnYm2hRt8P2cUyC9
https://iili.io/HKPxHN9.png,Bonchon,Siam Paragon G floor,10:00-22:00,https://goo.gl/maps/ApxWmRZb89EDhEGK99